Workbook

Sheet 评阅对照表
A1: 编号 | B1: 类别 | C1: 子项 | D1: 典型症状 / 描述 | E1: 严重度 | F1: 默认扣分 | G1: 是否出现 | H1: 实际扣分 | I1: 出现位置 | J1: 老师备注
A2: P-0.1 | B2: 整体框架 | C2: 章节逻辑 | D2: 第 3 章讲 A，第 4 章突然讲 B，缺乏 A→B 必然性 | E2: 2 | F2: 1 | G2: 否 | H2: =IF(G2="是",F2,IF(G2="部分",F2*0.5,0))
A3: P-0.2 | B3: 整体框架 | C3: 创新点量化 | D3: 创新点无具体指标，仅"该方法有效" | E3: 3 | F3: 1.5 | G3: 否 | H3: =IF(G3="是",F3,IF(G3="部分",F3*0.5,0))
A4: P-0.3 | B4: 整体框架 | C4: 贡献度位置 | D4: 创新点放在第 1 章末但摘要无对应；或放在第 6 章 | E4: 2 | F4: 1 | G4: 否 | H4: =IF(G4="是",F4,IF(G4="部分",F4*0.5,0))
A5: P-0.4 | B5: 整体框架 | C5: 论文长度 | D5: 正文 30 页（太少）或 100 页（太多） | E5: 1 | F5: 0.5 | G5: 否 | H5: =IF(G5="是",F5,IF(G5="部分",F5*0.5,0))
A6: P-0.5 | B6: 整体框架 | C6: 摘要结构 | D6: 摘要 = 第 1 章浓缩，缺 4 段式结构 | E6: 2 | F6: 1 | G6: 否 | H6: =IF(G6="是",F6,IF(G6="部分",F6*0.5,0))
A7: P-1.1 | B7: 摘要目录 | C7: 数据出处 | D7: "据统计"、"研究表明"无引用 [n] | E7: 1 | F7: 0.5 | G7: 否 | H7: =IF(G7="是",F7,IF(G7="部分",F7*0.5,0))
A8: P-1.2 | B8: 摘要目录 | C8: 指标一致性 | D8: 摘要写"F1=0.8340"正文写"0.8337" | E8: 3 | F8: 1.5 | G8: 否 | H8: =IF(G8="是",F8,IF(G8="部分",F8*0.5,0))
A9: P-1.3 | B9: 摘要目录 | C9: 关键词 | D9: 关键词 < 5 个或堆砌通用词 | E9: 1 | F9: 0.5 | G9: 否 | H9: =IF(G9="是",F9,IF(G9="部分",F9*0.5,0))
A10: P-1.4 | B10: 摘要目录 | C10: 章节编号 | D10: 章用阿拉伯、节用中文，混用 | E10: 1 | F10: 0.5 | G10: 否 | H10: =IF(G10="是",F10,IF(G10="部分",F10*0.5,0))
A11: P-1.5 | B11: 第 1 章 | C11: 创新对应 | D11: 创新点未标"（对应第 X 章）"，且章节无回指 | E11: 2 | F11: 1 | G11: 否 | H11: =IF(G11="是",F11,IF(G11="部分",F11*0.5,0))
A12: P-1.6 | B12: 第 1 章 | C12: 虚大空 | D12: "首次"、"首创"、"国际领先"无引文支撑 | E12: 3 | F12: 1.5 | G12: 否 | H12: =IF(G12="是",F12,IF(G12="部分",F12*0.5,0))
A13: P-1.7 | B13: 第 1 章 | C13: 背景篇幅 | D13: 背景 > 1.5 页，写成教科书 | E13: 1 | F13: 0.5 | G13: 否 | H13: =IF(G13="是",F13,IF(G13="部分",F13*0.5,0))
... A34: P-7.2 | B34: 答辩准备 | C34: 不能回答 | D34: "为什么不用 Transformer？""INT8 误差多大？"等核心问题无答案 | E34: 2 | F34: 1 | G34: 否 | H34: =IF(G34="是",F34,IF(G34="部分",F34*0.5,0))
A36: 汇总 | G36: =COUNTIF(G2:G34,"是") | H36: =SUM(H2:H34) | I36: （出现 / 扣分）

Sheet 评分汇总
A1: 硕士论文评阅 — 8 维度评分汇总
A3: 维度 | B3: 满分 | C3: 扣分（来自对照表） | D3: 实得分 | E3: 评级
A4: 选题意义 | B4: 1 | C4: 0 | D4: =MAX(0,B4-C4) | E4: =IF(D4/B4>=0.85,"优",IF(D4/B4>=0.7,"良",IF(D4/B4>=0.55,"中","差")))
A5: 创新点 | B5: 2 | C5: =SUMIF(评阅对照表!A:A,"P-0.2",评阅对照表!H:H)+SUMIF(评阅对照表!A:A,"P-0.3",评阅对照表!H:H)+SUMIF(评阅对照表!A:A,"P-0.5",评阅对照表!H:H)+SUMIF(评阅对照表!A:A,"P-1.5",评阅对照表!H:H)+SUMIF(评阅对照表!A:A,"P-1.9",评阅对照表!H:H) | D5: =MAX(0,B5-C5) | E5: =IF(D5/B5>=0.85,"优",IF(D5/B5>=0.7,"良",IF(D5/B5>=0.55,"中","差")))
A6: 文献综述 | B6: 1 | C6: =SUMIF(评阅对照表!A:A,"P-1.1",评阅对照表!H:H)+SUMIF(评阅对照表!A:A,"P-1.8",评阅对照表!H:H)+SUMIF(评阅对照表!A:A,"P-2.1",评阅对照表!H:H) | D6: =MAX(0,B6-C6) | E6: =IF(D6/B6>=0.85,"优",IF(D6/B6>=0.7,"良",IF(D6/B6>=0.55,"中","差")))
A7: 方法合理性 | B7: 2 | C7: =SUMIF(评阅对照表!A:A,"P-0.1",评阅对照表!H:H)+SUMIF(评阅对照表!A:A,"P-3.4",评阅对照表!H:H)+SUMIF(评阅对照表!A:A,"P-7.2",评阅对照表!H:H) | D7: =MAX(0,B7-C7) | E7: =IF(D7/B7>=0.85,"优",IF(D7/B7>=0.7,"良",IF(D7/B7>=0.55,"中","差")))
A8: 实验与结果 | B8: 2 | C8: =SUMIF(评阅对照表!A:A,"P-3.1",评阅对照表!H:H)+SUMIF(评阅对照表!A:A,"P-3.2",评阅对照表!H:H)+SUMIF(评阅对照表!A:A,"P-3.3",评阅对照表!H:H) | D8: =MAX(0,B8-C8) | E8: =IF(D8/B8>=0.85,"优",IF(D8/B8>=0.7,"良",IF(D8/B8>=0.55,"中","差")))
A9: 写作规范 | B9: 1 | C9: =SUMIF(评阅对照表!A:A,"P-0.4",评阅对照表!H:H)+SUMIF(评阅对照表!A:A,"P-1.2",评阅对照表!H:H)+SUMIF(评阅对照表!A:A,"P-1.3",评阅对照表!H:H)+SUMIF(评阅对照表!A:A,"P-1.4",评阅对照表!H:H)+SUMIF(评阅对照表!A:A,"P-1.6",评阅对照表!H:H)+SUMIF(评阅对照表!A:A,"P-1.7",评阅对照表!H:H)+SUMIF(评阅对照表!A:A,"P-1.10",评阅对照表!H:H)+SUMIF(评阅对照表!A:A,"P-5.1",评阅对照表!H:H)+SUMIF(评阅对照表!A:A,"P-5.2",评阅对照表!H:H)+SUMIF(评阅对照表!A:A,"P-5.3",评阅对照表!H:H)+SUMIF(评阅对照表!A:A,"P-7.1",评阅对照表!H:H) | D9: =MAX(0,B9-C9) | E9: =IF(D9/B9>=0.85,"优",IF(D9/B9>=0.7,"良",IF(D9/B9>=0.55,"中","差")))
A10: 图表质量 | B10: 0.5 | C10: =SUMIF(评阅对照表!A:A,"P-2.2",评阅对照表!H:H)+SUMIF(评阅对照表!A:A,"P-4.1",评阅对照表!H:H)+SUMIF(评阅对照表!A:A,"P-4.2",评阅对照表!H:H)+SUMIF(评阅对照表!A:A,"P-4.3",评阅对照表!H:H) | D10: =MAX(0,B10-C10) | E10: =IF(D10/B10>=0.85,"优",IF(D10/B10>=0.7,"良",IF(D10/B10>=0.55,"中","差")))
A11: 参考文献 | B11: 0.5 | C11: =SUMIF(评阅对照表!A:A,"P-2.3",评阅对照表!H:H)+SUMIF(评阅对照表!A:A,"P-2.4",评阅对照表!H:H)+SUMIF(评阅对照表!A:A,"P-6.1",评阅对照表!H:H)+SUMIF(评阅对照表!A:A,"P-6.2",评阅对照表!H:H) | D11: =MAX(0,B11-C11) | E11: =IF(D11/B11>=0.85,"优",IF(D11/B11>=0.7,"良",IF(D11/B11>=0.55,"中","差")))
A12: 总分 | B12: =SUM(B4:B11) | C12: =SUM(C4:C11) | D12: =SUM(D4:D11) | E12: =IF(D12>=8,"优秀",IF(D12>=6,"合格","需大改"))
A14: 通过标准
A15: ≥ 8.0 优秀 | ≥ 6.0 合格 | < 6.0 需大改后重审

Sheet 评分标准
A1: 评分标准（10 分制，参考学校研究生论文评审标准）
A3: 维度 | B3: 满分 | C3: 评分要点 | D3: 不合格典型
A4: 选题意义 | B4: 1 | C4: 明确的应用场景；具体要解决的工程/科学问题；问题规模合理 | D4: 无应用场景；问题宽泛；选题过大或过小
A5: 创新点 | B5: 2 | C5: 每个创新点有量化指标；与现有工作对比清晰；3 大创新点对应 3 章 | D5: "首次/首创"无引文；无对应章节；指标不可复现
A6: 文献综述 | B6: 1 | C6: 本领域代表工作齐全；每段有评价；含统一对比表 | D6: 堆砌 20+ 篇无评价；缺对比表；近 5 年文献 < 60%
A7: 方法合理性 | B7: 2 | C7: 方法有理论依据；复杂度可控；可复现（种子/硬件/超参齐全） | D7: 无理论动机；复杂度不可控；无法复现
A8: 实验与结果 | B8: 2 | C8: 基线 + SOTA + 本文方法 3 组对比；3-5 组消融；统计显著性检验 | D8: 无基线；无消融；单次实验下结论；无显著性
A9: 写作规范 | B9: 1 | C9: 句子 ≤ 50 字；术语一致；致谢 200-400 字；无错别字 | D9: 长句口语化；术语前后不一；致谢 1 页+；错别字多
A10: 图表质量 | B10: 0.5 | C10: 三线表；图编号引用一致；公式编号连续 | D10: 非三线表；图未引用；公式编号跨章不连续
A11: 参考文献 | B11: 0.5 | C11: 40-60 篇；近 5 年 ≥ 60%；GB/T 7714 格式；自引 1-2 次 | D11: < 15 篇；arXiv 当正式发表；格式混用；自引 5+

Sheet 使用说明
A1: 老师评阅流程 — 4 步 10 分钟
A3: 步骤 1 | B3: 打开"评阅对照表"，按 P-0.1 ~ P-7.2 顺序逐项检查（5 分钟）
B4: "是否出现"列：选"是 / 否 / 部分"，Excel 自动计算"实际扣分"
B5: "出现位置"列：填章节号或页码（例：第 3.2 节, p.42）
B6: "老师备注"列：记录具体问题（例：与 §3.1 数据矛盾）
A8: 步骤 2 | B8: 对照表会自动加和：累计扣分 → 看右下方"汇总"行的扣分合计
A10: 步骤 3 | B10: 切换到"评分汇总"Sheet — 8 维度按 PITFALL 自动汇总扣分；不需要手动算
B11: 看右下角"总分"：≥ 8.0 优秀 / ≥ 6.0 合格 / < 6.0 需大改
A13: 步骤 4 | B13: 对照"评分标准"Sheet，与学生面谈时引用具体评分要点
A15: 快捷操作 | B15: ① 在"是否出现"列单击单元格 → 出现下拉箭头 → 选"是"
B16: ② 改完后按 F9 强制刷新公式（或关闭重开）
B17: ③ 打印：选中"评阅对照表" + "评分汇总"两页 → 打印
A20: 文件信息
A21: 文件名 | B21: review-checklist.xlsx
A22: 生成日期 | B22: 2026-06-16
A23: 配套文档 | B23: ../student-pitfalls.md（33 类错误详解）
A24: 配套模板 | B24: ../main.tex（LaTeX 模板）/ thesis-template.docx（Word 模板）
A25: 生成脚本 | B25: generate_checklist.py（可重新生成）
A26: PITFALL 同步 | B26: 33 项与 student-pitfalls.md P-0.1 ~ P-7.2 一一对应
